001,Bulbasaur,Bulbasaur,Bulbasaur,Bisasam,Bulbizarre
002,Ivysaur,Ivysaur,Ivysaur,Bisaknosp,Herbizarre
003,Venusaur,Venusaur,Venusaur,Bisaflor,Florizarre
004,Charmander,Charmander,Charmander,Glumanda,Salamèche
005,Charmeleon,Charmeleon,Charmeleon,Glutexo,Reptincel
006,Charizard,Charizard,Charizard,Glurak,Dracaufeu
007,Squirtle,Squirtle,Squirtle,Schiggy,Carapuce
008,Wartortle,Wartortle,Wartortle,Schillok,Carabaffe
009,Blastoise,Blastoise,Blastoise,Turtok,Tortank
010,Caterpie,Caterpie,Caterpie,Raupy,Chenipan
011,Metapod,Metapod,Metapod,Safcon,Chrysacier
012,Butterfree,Butterfree,Butterfree,Smettbo,Papilusion
013,Weedle,Weedle,Weedle,Hornliu,Aspicot
014,Kakuna,Kakuna,Kakuna,Kokuna,Coconfort
015,Beedrill,Beedrill,Beedrill,Bibor,Dardargnan
016,Pidgey,Pidgey,Pidgey,Taubsi,Roucool
017,Pidgeotto,Pidgeotto,Pidgeotto,Tauboga,Roucoups
018,Pidgeot,Pidgeot,Pidgeot,Tauboss,Roucarnage
019,Rattata,Rattata,Rattata,Rattfratz,Rattata
020,Raticate,Raticate,Raticate,Rattikarl,Rattatac
021,Spearow,Spearow,Spearow,Habitak,Piafabec
022,Fearow,Fearow,Fearow,Ibitak,Rapasdepic
023,Ekans,Ekans,Ekans,Rettan,Abo
024,Arbok,Arbok,Arbok,Arbok,Arbok
025,Pikachu,Pikachu,Pikachu,Pikachu,Pikachu
026,Raichu,Raichu,Raichu,Raichu,Raichu
027,Sandshrew,Sandshrew,Sandshrew,Sandan,Sabelette
028,Sandslash,Sandslash,Sandslash,Sandamer,Sablaireau
029,Nidoran♀,Nidoran♀,Nidoran♀,Nidoran♀,Nidoran♀
030,Nidorina,Nidorina,Nidorina,Nidorina,Nidorina
031,Nidoqueen,Nidoqueen,Nidoqueen,Nidoqueen,Nidoqueen
032,Nidoran♂,Nidoran♂,Nidoran♂,Nidoran♂,Nidoran♂
033,Nidorino,Nidorino,Nidorino,Nidorino,Nidorino
034,Nidoking,Nidoking,Nidoking,Nidoking,Nidoking
035,Clefairy,Clefairy,Clefairy,Piepi,Mélofée
036,Clefable,Clefable,Clefable,Pixi,Mélodelfe
037,Vulpix,Vulpix,Vulpix,Vulpix,Goupix
038,Ninetales,Ninetales,Ninetales,Vulnona,Feunard
039,Jigglypuff,Jigglypuff,Jigglypuff,Pummeluff,Rondoudou
040,Wigglytuff,Wigglytuff,Wigglytuff,Knuddeluff,Grodoudou
041,Zubat,Zubat,Zubat,Zubat,Nosferapti
042,Golbat,Golbat,Golbat,Golbat,Nosferalto
043,Oddish,Oddish,Oddish,Myrapla,Mystherbe
044,Gloom,Gloom,Gloom,Duflor,Ortide
045,Vileplume,Vileplume,Vileplume,Giflor,Rafflesia
046,Paras,Paras,Paras,Paras,Paras
047,Parasect,Parasect,Parasect,Parasek,Parasect
048,Venonat,Venonat,Venonat,Bluzuk,Mimitoss
049,Venomoth,Venomoth,Venomoth,Omot,Aéromite
050,Diglett,Diglett,Diglett,Digda,Taupiqueur
051,Dugtrio,Dugtrio,Dugtrio,Digdri,Triopikeur
052,Meowth,Meowth,Meowth,Mauzi,Miaouss
053,Persian,Persian,Persian,Snobilikat,Persian
054,Psyduck,Psyduck,Psyduck,Enton,Psykokwak
055,Golduck,Golduck,Golduck,Entoron,Akwakwak
056,Mankey,Mankey,Mankey,Menki,Férosinge
057,Primeape,Primeape,Primeape,Rasaff,Colossinge
058,Growlithe,Growlithe,Growlithe,Fukano,Caninos
059,Arcanine,Arcanine,Arcanine,Arkani,Arcanin
060,Poliwag,Poliwag,Poliwag,Quapsel,Ptitard
061,Poliwhirl,Poliwhirl,Poliwhirl,Quaputzi,Têtarte
062,Poliwrath,Poliwrath,Poliwrath,Quappo,Tartard
063,Abra,Abra,Abra,Abra,Abra
064,Kadabra,Kadabra,Kadabra,Kadabra,Kadabra
065,Alakazam,Alakazam,Alakazam,Simsala,Alakazam
066,Machop,Machop,Machop,Machollo,Machoc
067,Machoke,Machoke,Machoke,Maschock,Machopeur
068,Machamp,Machamp,Machamp,Machomei,Mackogneur
069,Bellsprout,Bellsprout,Bellsprout,Knofensa,Chétiflor
070,Weepinbell,Weepinbell,Weepinbell,Ultrigaria,Boustiflor
071,Victreebel,Victreebel,Victreebel,Sarzenia,Empiflor
072,Tentacool,Tentacool,Tentacool,Tentacha,Tentacool
073,Tentacruel,Tentacruel,Tentacruel,Tentoxa,Tentacruel
074,Geodude,Geodude,Geodude,Kleinstein,Racaillou
075,Graveler,Graveler,Graveler,Georok,Gravalanch
076,Golem,Golem,Golem,Geowaz,Grolem
077,Ponyta,Ponyta,Ponyta,Ponita,Ponyta
078,Rapidash,Rapidash,Rapidash,Gallopa,Galopa
079,Slowpoke,Slowpoke,Slowpoke,Flegmon,Ramoloss
080,Slowbro,Slowbro,Slowbro,Lahmus,Flagadoss
081,Magnemite,Magnemite,Magnemite,Magnetilo,Magnéti
082,Magneton,Magneton,Magneton,Magneton,Magnéton
083,Farfetch'd,Farfetch'd,Farfetch'd,Porenta,Canarticho
084,Doduo,Doduo,Doduo,Dodu,Doduo
085,Dodrio,Dodrio,Dodrio,Dodri,Dodrio
086,Seel,Seel,Seel,Jurob,Otaria
087,Dewgong,Dewgong,Dewgong,Jugong,Lamantine
088,Grimer,Grimer,Grimer,Sleima,Tadmorv
089,Muk,Muk,Muk,Sleimok,Grotadmorv
090,Shellder,Shellder,Shellder,Muschas,Kokiyas
091,Cloyster,Cloyster,Cloyster,Austos,Crustabri
092,Gastly,Gastly,Gastly,Nebulak,Fantominus
093,Haunter,Haunter,Haunter,Alpollo,Spectrum
094,Gengar,Gengar,Gengar,Gengar,Ectoplasma
095,Onix,Onix,Onix,Onix,Onix
096,Drowzee,Drowzee,Drowzee,Traumato,Soporifik
097,Hypno,Hypno,Hypno,Hypno,Hypnomade
098,Krabby,Krabby,Krabby,Krabby,Krabby
099,Kingler,Kingler,Kingler,Kingler,Krabboss
100,Voltorb,Voltorb,Voltorb,Voltobal,Voltorbe
101,Electrode,Electrode,Electrode,Lektrobal,Électrode
102,Exeggcute,Exeggcute,Exeggcute,Owei,Noeunoeuf
103,Exeggutor,Exeggutor,Exeggutor,Kokowei,Noadkoko
104,Cubone,Cubone,Cubone,Tragosso,Osselait
105,Marowak,Marowak,Marowak,Knogga,Ossatueur
106,Hitmonlee,Hitmonlee,Hitmonlee,Kicklee,Kicklee
107,Hitmonchan,Hitmonchan,Hitmonchan,Nockchan,Tygnon
108,Lickitung,Lickitung,Lickitung,Schlurp,Excelangue
109,Koffing,Koffing,Koffing,Smogon,Smogo
110,Weezing,Weezing,Weezing,Smogmog,Smogogo
111,Rhyhorn,Rhyhorn,Rhyhorn,Rihorn,Rhinocorne
112,Rhydon,Rhydon,Rhydon,Rizeros,Rhinoféros
113,Chansey,Chansey,Chansey,Chaneira,Leveinard
114,Tangela,Tangela,Tangela,Tangela,Saquedeneu
115,Kangaskhan,Kangaskhan,Kangaskhan,Kangama,Kangourex
116,Horsea,Horsea,Horsea,Seeper,Hypotrempe
117,Seadra,Seadra,Seadra,Seemon,Hypocéan
118,Goldeen,Goldeen,Goldeen,Goldini,Poissirène
119,Seaking,Seaking,Seaking,Golking,Poissoroy
120,Staryu,Staryu,Staryu,Sterndu,Stari
121,Starmie,Starmie,Starmie,Starmie,Staross
122,Mr. Mime,Mr. Mime,Mr. Mime,Pantimos,M. Mime
123,Scyther,Scyther,Scyther,Sichlor,Insécateur
124,Jynx,Jynx,Jynx,Rossana,Lippoutou
125,Electabuzz,Electabuzz,Electabuzz,Elektek,Élektek
126,Magmar,Magmar,Magmar,Magmar,Magmar
127,Pinsir,Pinsir,Pinsir,Pinsir,Scarabrute
128,Tauros,Tauros,Tauros,Tauros,Tauros
129,Magikarp,Magikarp,Magikarp,Karpador,Magicarpe
130,Gyarados,Gyarados,Gyarados,Garados,Léviator
131,Lapras,Lapras,Lapras,Lapras,Lokhlass
132,Ditto,Ditto,Ditto,Ditto,Métamorph
133,Eevee,Eevee,Eevee,Evoli,Évoli
134,Vaporeon,Vaporeon,Vaporeon,Aquana,Aquali
135,Jolteon,Jolteon,Jolteon,Blitza,Voltali
136,Flareon,Flareon,Flareon,Flamara,Pyroli
137,Porygon,Porygon,Porygon,Porygon,Porygon
138,Omanyte,Omanyte,Omanyte,Amonitas,Amonita
139,Omastar,Omastar,Omastar,Amoroso,Amonistar
140,Kabuto,Kabuto,Kabuto,Kabuto,Kabuto
141,Kabutops,Kabutops,Kabutops,Kabutops,Kabutops
142,Aerodactyl,Aerodactyl,Aerodactyl,Aerodactyl,Ptéra
143,Snorlax,Snorlax,Snorlax,Relaxo,Ronflex
144,Articuno,Articuno,Articuno,Arktos,Artikodin
145,Zapdos,Zapdos,Zapdos,Zapdos,Électhor
146,Moltres,Moltres,Moltres,Lavados,Sulfura
147,Dratini,Dratini,Dratini,Dratini,Minidraco
148,Dragonair,Dragonair,Dragonair,Dragonir,Draco
149,Dragonite,Dragonite,Dragonite,Dragoran,Dracolosse
150,Mewtwo,Mewtwo,Mewtwo,Mewtu,Mewtwo
151,Mew,Mew,Mew,Mew,Mew
152,Chikorita,Chikorita,Chikorita,Endivie,Germignon
153,Bayleef,Bayleef,Bayleef,Lorblatt,Macronium
154,Meganium,Meganium,Meganium,Meganie,Méganium
155,Cyndaquil,Cyndaquil,Cyndaquil,Feurigel,Héricendre
156,Quilava,Quilava,Quilava,Igelavar,Feurisson
157,Typhlosion,Typhlosion,Typhlosion,Tornupto,Typhlosion
158,Totodile,Totodile,Totodile,Karnimani,Kaiminus
159,Croconaw,Croconaw,Croconaw,Tyracroc,Crocrodil
160,Feraligatr,Feraligatr,Feraligatr,Impergator,Aligatueur
161,Sentret,Sentret,Sentret,Wiesor,Fouinette
162,Furret,Furret,Furret,Wiesenior,Fouinar
163,Hoothoot,Hoothoot,Hoothoot,Hoothoot,Hoothoot
164,Noctowl,Noctowl,Noctowl,Noctuh,Noarfang
165,Ledyba,Ledyba,Ledyba,Ledyba,Coxy
166,Ledian,Ledian,Ledian,Ledian,Coxyclaque
167,Spinarak,Spinarak,Spinarak,Webarak,Mimigal
168,Ariados,Ariados,Ariados,Ariados,Migalos
169,Crobat,Crobat,Crobat,Iksbat,Nostenfer
170,Chinchou,Chinchou,Chinchou,Lampi,Loupio
171,Lanturn,Lanturn,Lanturn,Lanturn,Lanturn
172,Pichu,Pichu,Pichu,Pichu,Pichu
173,Cleffa,Cleffa,Cleffa,Pii,Mélo
174,Igglybuff,Igglybuff,Igglybuff,Fluffeluff,Toudoudou
175,Togepi,Togepi,Togepi,Togepi,Togepi
176,Togetic,Togetic,Togetic,Togetic,Togetic
177,Natu,Natu,Natu,Natu,Natu
178,Xatu,Xatu,Xatu,Xatu,Xatu
179,Mareep,Mareep,Mareep,Voltilamm,Wattouat
180,Flaaffy,Flaaffy,Flaaffy,Waaty,Lainergie
181,Ampharos,Ampharos,Ampharos,Ampharos,Pharamp
182,Bellossom,Bellossom,Bellossom,Blubella,Joliflor
183,Marill,Marill,Marill,Marill,Marill
184,Azumarill,Azumarill,Azumarill,Azumarill,Azumarill
185,Sudowoodo,Sudowoodo,Sudowoodo,Mogelbaum,Simularbre
186,Politoed,Politoed,Politoed,Quaxo,Tarpaud
187,Hoppip,Hoppip,Hoppip,Hoppspross,Granivol
188,Skiploom,Skiploom,Skiploom,Hubelupf,Floravol
189,Jumpluff,Jumpluff,Jumpluff,Papungha,Cotovol
190,Aipom,Aipom,Aipom,Griffel,Capumain
191,Sunkern,Sunkern,Sunkern,Sonnkern,Tournegrin
192,Sunflora,Sunflora,Sunflora,Sonnflora,Héliatronc
193,Yanma,Yanma,Yanma,Yanma,Yanma
194,Wooper,Wooper,Wooper,Felino,Axoloto
195,Quagsire,Quagsire,Quagsire,Morlord,Maraiste
196,Espeon,Espeon,Espeon,Psiana,Mentali
197,Umbreon,Umbreon,Umbreon,Nachtara,Noctali
198,Murkrow,Murkrow,Murkrow,Kramurx,Cornèbre
199,Slowking,Slowking,Slowking,Laschoking,Roigada
200,Misdreavus,Misdreavus,Misdreavus,Traunfugil,Feuforêve
201,Unown,Unown,Unown,Icognito,Zarbi
202,Wobbuffet,Wobbuffet,Wobbuffet,Woingenau,Qulbutoké
203,Girafarig,Girafarig,Girafarig,Girafarig,Girafarig
204,Pineco,Pineco,Pineco,Tannza,Pomdepik
205,Forretress,Forretress,Forretress,Forstellka,Foretress
206,Dunsparce,Dunsparce,Dunsparce,Dummisel,Insolourdo
207,Gligar,Gligar,Gligar,Skorgla,Scorplane
208,Steelix,Steelix,Steelix,Stahlos,Steelix
209,Snubbull,Snubbull,Snubbull,Snubbull,Snubbull
210,Granbull,Granbull,Granbull,Granbull,Granbull
211,Qwilfish,Qwilfish,Qwilfish,Baldorfish,Qwilfish
212,Scizor,Scizor,Scizor,Scherox,Cizayox
213,Shuckle,Shuckle,Shuckle,Pottrott,Caratroc
214,Heracross,Heracross,Heracross,Skaraborn,Scarhino
215,Sneasel,Sneasel,Sneasel,Sniebel,Farfuret
216,Teddiursa,Teddiursa,Teddiursa,Teddiursa,Teddiursa
217,Ursaring,Ursaring,Ursaring,Ursaring,Ursaring
218,Slugma,Slugma,Slugma,Schneckmag,Limagma
219,Magcargo,Magcargo,Magcargo,Magcargo,Volcaropod
220,Swinub,Swinub,Swinub,Quiekel,Marcacrin
221,Piloswine,Piloswine,Piloswine,Keifel,Cochignon
222,Corsola,Corsola,Corsola,Corasonn,Corayon
223,Remoraid,Remoraid,Remoraid,Remoraid,Rémoraid
224,Octillery,Octillery,Octillery,Octillery,Octillery
225,Delibird,Delibird,Delibird,Botogel,Cadoizo
226,Mantine,Mantine,Mantine,Mantax,Démanta
227,Skarmory,Skarmory,Skarmory,Panzaeron,Airmure
228,Houndour,Houndour,Houndour,Hunduster,Malosse
229,Houndoom,Houndoom,Houndoom,Hundemon,Démolosse
230,Kingdra,Kingdra,Kingdra,Seedraking,Hyporoi
231,Phanpy,Phanpy,Phanpy,Phanpy,Phanpy
232,Donphan,Donphan,Donphan,Donphan,Donphan
233,Porygon2,Porygon2,Porygon2,Porygon2,Porygon2
234,Stantler,Stantler,Stantler,Damhirplex,Cerfrousse
235,Smeargle,Smeargle,Smeargle,Farbeagle,Queulorior
236,Tyrogue,Tyrogue,Tyrogue,Rabauz,Debugant
237,Hitmontop,Hitmontop,Hitmontop,Kapoera,Kapoera
238,Smoochum,Smoochum,Smoochum,Kussilla,Lippouti
239,Elekid,Elekid,Elekid,Elekid,Élekid
240,Magby,Magby,Magby,Magby,Magby
241,Miltank,Miltank,Miltank,Miltank,Écrémeuh
242,Blissey,Blissey,Blissey,Heiteira,Leuphorie
243,Raikou,Raikou,Raikou,Raikou,Raikou
244,Entei,Entei,Entei,Entei,Entei
245,Suicune,Suicune,Suicune,Suicune,Suicune
246,Larvitar,Larvitar,Larvitar,Larvitar,Embrylex
247,Pupitar,Pupitar,Pupitar,Pupitar,Ymphect
248,Tyranitar,Tyranitar,Tyranitar,Despotar,Tyranocif
249,Lugia,Lugia,Lugia,Lugia,Lugia
250,Ho-Oh,Ho-Oh,Ho-Oh,Ho-Oh,Ho-Oh
251,Celebi,Celebi,Celebi,Celebi,Celebi
252,Treecko,Treecko,Treecko,Geckarbor,Arcko
253,Grovyle,Grovyle,Grovyle,Reptain,Massko
254,Sceptile,Sceptile,Sceptile,Gewaldro,Jungko
255,Torchic,Torchic,Torchic,Flemmli,Poussifeu
256,Combusken,Combusken,Combusken,Jungglut,Galifeu
257,Blaziken,Blaziken,Blaziken,Lohgock,Braségali
258,Mudkip,Mudkip,Mudkip,Hydropi,Gobou
259,Marshtomp,Marshtomp,Marshtomp,Moorabbel,Flobio
260,Swampert,Swampert,Swampert,Sumpex,Laggron
261,Poochyena,Poochyena,Poochyena,Fiffyen,Medhyèna
262,Mightyena,Mightyena,Mightyena,Magnayen,Grahyèna
263,Zigzagoon,Zigzagoon,Zigzagoon,Zigzachs,Zigzaton
264,Linoone,Linoone,Linoone,Geradaks,Linéon
265,Wurmple,Wurmple,Wurmple,Waumpel,Chenipotte
266,Silcoon,Silcoon,Silcoon,Schaloko,Armulys
267,Beautifly,Beautifly,Beautifly,Papinella,Charmillon
268,Cascoon,Cascoon,Cascoon,Panekon,Blindalys
269,Dustox,Dustox,Dustox,Pudox,Papinox
270,Lotad,Lotad,Lotad,Loturzel,Nénupiot
271,Lombre,Lombre,Lombre,Lombrero,Lombre
272,Ludicolo,Ludicolo,Ludicolo,Kappalores,Ludicolo
273,Seedot,Seedot,Seedot,Samurzel,Grainipiot
274,Nuzleaf,Nuzleaf,Nuzleaf,Blanas,Pifeuil
275,Shiftry,Shiftry,Shiftry,Tengulist,Tengalice
276,Taillow,Taillow,Taillow,Schwalbini,Nirondelle
277,Swellow,Swellow,Swellow,Schwalboss,Hélédelle
278,Wingull,Wingull,Wingull,Wingull,Goélise
279,Pelipper,Pelipper,Pelipper,Pelipper,Bekipan
280,Ralts,Ralts,Ralts,Trasla,Tarsal
281,Kirlia,Kirlia,Kirlia,Kirlia,Kirlia
282,Gardevoir,Gardevoir,Gardevoir,Guardevoir,Gardevoir
283,Surskit,Surskit,Surskit,Gehweiher,Arakdo
284,Masquerain,Masquerain,Masquerain,Maskeregen,Maskadra
285,Shroomish,Shroomish,Shroomish,Knilz,Balignon
286,Breloom,Breloom,Breloom,Kapilz,Chapignon
287,Slakoth,Slakoth,Slakoth,Bummelz,Parecool
288,Vigoroth,Vigoroth,Vigoroth,Muntier,Vigoroth
289,Slaking,Slaking,Slaking,Letarking,Monaflèmit
290,Nincada,Nincada,Nincada,Nincada,Ningale
291,Ninjask,Ninjask,Ninjask,Ninjask,Ninjask
292,Shedinja,Shedinja,Shedinja,Ninjatom,Munja
293,Whismur,Whismur,Whismur,Flurmel,Chuchmur
294,Loudred,Loudred,Loudred,Krakeelo,Ramboum
295,Exploud,Exploud,Exploud,Krawumms,Brouhabam
296,Makuhita,Makuhita,Makuhita,Makuhita,Makuhita
297,Hariyama,Hariyama,Hariyama,Hariyama,Hariyama
298,Azurill,Azurill,Azurill,Azurill,Azurill
299,Nosepass,Nosepass,Nosepass,Nasgnet,Tarinor
300,Skitty,Skitty,Skitty,Eneco,Skitty
301,Delcatty,Delcatty,Delcatty,Enekoro,Delcatty
302,Sableye,Sableye,Sableye,Zobiris,Ténéfix
303,Mawile,Mawile,Mawile,Flunkifer,Mysdibule
304,Aron,Aron,Aron,Stollunior,Galekid
305,Lairon,Lairon,Lairon,Stollrak,Galegon
306,Aggron,Aggron,Aggron,Stolloss,Galeking
307,Meditite,Meditite,Meditite,Meditie,Méditikka
308,Medicham,Medicham,Medicham,Meditalis,Charmina
309,Electrike,Electrike,Electrike,Frizelbliz,Dynavolt
310,Manectric,Manectric,Manectric,Voltenso,Élecsprint
311,Plusle,Plusle,Plusle,Plusle,Posipi
312,Minun,Minun,Minun,Minun,Négapi
313,Volbeat,Volbeat,Volbeat,Volbeat,Muciole
314,Illumise,Illumise,Illumise,Illumise,Lumivole
315,Roselia,Roselia,Roselia,Roselia,Rosélia
316,Gulpin,Gulpin,Gulpin,Schluppuck,Gloupti
317,Swalot,Swalot,Swalot,Schlukwech,Avaltout
318,Carvanha,Carvanha,Carvanha,Kanivanha,Carvanha
319,Sharpedo,Sharpedo,Sharpedo,Tohaido,Sharpedo
320,Wailmer,Wailmer,Wailmer,Wailmer,Wailmer
321,Wailord,Wailord,Wailord,Wailord,Wailord
322,Numel,Numel,Numel,Camaub,Chamallot
323,Camerupt,Camerupt,Camerupt,Camerupt,Camérupt
324,Torkoal,Torkoal,Torkoal,Qurtel,Chartor
325,Spoink,Spoink,Spoink,Spoink,Spoink
326,Grumpig,Grumpig,Grumpig,Groink,Groret
327,Spinda,Spinda,Spinda,Pandir,Spinda
328,Trapinch,Trapinch,Trapinch,Knacklion,Kraknoix
329,Vibrava,Vibrava,Vibrava,Vibrava,Vibraninf
330,Flygon,Flygon,Flygon,Libelldra,Libégon
331,Cacnea,Cacnea,Cacnea,Tuska,Cacnea
332,Cacturne,Cacturne,Cacturne,Noktuska,Cacturne
333,Swablu,Swablu,Swablu,Wablu,Tylton
334,Altaria,Altaria,Altaria,Altaria,Altaria
335,Zangoose,Zangoose,Zangoose,Sengo,Mangriff
336,Seviper,Seviper,Seviper,Vipitis,Séviper
337,Lunatone,Lunatone,Lunatone,Lunastein,Séléroc
338,Solrock,Solrock,Solrock,Sonnfel,Solaroc
339,Barboach,Barboach,Barboach,Schmerbe,Barloche
340,Whiscash,Whiscash,Whiscash,Welsar,Barbicha
341,Corphish,Corphish,Corphish,Krebscorps,Écrapince
342,Crawdaunt,Crawdaunt,Crawdaunt,Krebutack,Colhomard
343,Baltoy,Baltoy,Baltoy,Puppance,Balbuto
344,Claydol,Claydol,Claydol,Lepumentas,Kaorine
345,Lileep,Lileep,Lileep,Liliep,Lilia
346,Cradily,Cradily,Cradily,Wielie,Vacilys
347,Anorith,Anorith,Anorith,Anorith,Anorith
348,Armaldo,Armaldo,Armaldo,Armaldo,Armaldo
349,Feebas,Feebas,Feebas,Barschwa,Barpau
350,Milotic,Milotic,Milotic,Milotic,Milobellus
351,Castform,Castform,Castform,Formeo,Morphéo
352,Kecleon,Kecleon,Kecleon,Kecleon,Kecleon
353,Shuppet,Shuppet,Shuppet,Shuppet,Polichombr
354,Banette,Banette,Banette,Banette,Branette
355,Duskull,Duskull,Duskull,Zwirrlicht,Skelénox
356,Dusclops,Dusclops,Dusclops,Zwirrklop,Téraclope
357,Tropius,Tropius,Tropius,Tropius,Tropius
358,Chimecho,Chimecho,Chimecho,Palimpalim,Éoko
359,Absol,Absol,Absol,Absol,Absol
360,Wynaut,Wynaut,Wynaut,Isso,Okéoké
361,Snorunt,Snorunt,Snorunt,Schneppke,Stalgamin
362,Glalie,Glalie,Glalie,Firnontor,Oniglali
363,Spheal,Spheal,Spheal,Seemops,Obalie
364,Sealeo,Sealeo,Sealeo,Seejong,Phogleur
365,Walrein,Walrein,Walrein,Walraisa,Kaimorse
366,Clamperl,Clamperl,Clamperl,Perlu,Coquiperl
367,Huntail,Huntail,Huntail,Aalabyss,Serpang
368,Gorebyss,Gorebyss,Gorebyss,Saganabyss,Rosabyss
369,Relicanth,Relicanth,Relicanth,Relicanth,Relicanth
370,Luvdisc,Luvdisc,Luvdisc,Liebiskus,Lovdisc
371,Bagon,Bagon,Bagon,Kindwurm,Draby
372,Shelgon,Shelgon,Shelgon,Draschel,Drackhaus
373,Salamence,Salamence,Salamence,Brutalanda,Drattak
374,Beldum,Beldum,Beldum,Tanhel,Terhal
375,Metang,Metang,Metang,Metang,Métang
376,Metagross,Metagross,Metagross,Metagross,Métalosse
377,Regirock,Regirock,Regirock,Regirock,Regirock
378,Regice,Regice,Regice,Regice,Regice
379,Registeel,Registeel,Registeel,Registeel,Registeel
380,Latias,Latias,Latias,Latias,Latias
381,Latios,Latios,Latios,Latios,Latios
382,Kyogre,Kyogre,Kyogre,Kyogre,Kyogre
383,Groudon,Groudon,Groudon,Groudon,Groudon
384,Rayquaza,Rayquaza,Rayquaza,Rayquaza,Rayquaza
385,Jirachi,Jirachi,Jirachi,Jirachi,Jirachi
386,Deoxys,Deoxys,Deoxys,Deoxys,Deoxys
387,Turtwig,Turtwig,Turtwig,Chelast,Tortipouss
388,Grotle,Grotle,Grotle,Chelcarain,Boskara
389,Torterra,Torterra,Torterra,Chelterrar,Torterra
390,Chimchar,Chimchar,Chimchar,Panflam,Ouisticram
391,Monferno,Monferno,Monferno,Panpyro,Chimpenfeu
392,Infernape,Infernape,Infernape,Panferno,Simiabraz
393,Piplup,Piplup,Piplup,Plinfa,Tiplouf
394,Prinplup,Prinplup,Prinplup,Pliprin,Prinplouf
395,Empoleon,Empoleon,Empoleon,Impoleon,Pingoléon
396,Starly,Starly,Starly,Staralili,Étourmi
397,Staravia,Staravia,Staravia,Staravia,Étourvol
398,Staraptor,Staraptor,Staraptor,Staraptor,Étouraptor
399,Bidoof,Bidoof,Bidoof,Bidiza,Keunotor
400,Bibarel,Bibarel,Bibarel,Bidifas,Castorno
401,Kricketot,Kricketot,Kricketot,Zirpurze,Crikzik
402,Kricketune,Kricketune,Kricketune,Zirpeise,Mélokrik
403,Shinx,Shinx,Shinx,Sheinux,Lixy
404,Luxio,Luxio,Luxio,Luxio,Luxio
405,Luxray,Luxray,Luxray,Luxtra,Luxray
406,Budew,Budew,Budew,Knospi,Rozbouton
407,Roserade,Roserade,Roserade,Roserade,Roserade
408,Cranidos,Cranidos,Cranidos,Koknodon,Kranidos
409,Rampardos,Rampardos,Rampardos,Rameidon ,Charkos
410,Shieldon,Shieldon,Shieldon,Schilterus,Dinoclier
411,Bastiodon,Bastiodon,Bastiodon,Bollterus,Bastiodon
412,Burmy,Burmy,Burmy,Burmy,Cheniti
413,Wormadam,Wormadam,Wormadam,Burmadame,Cheniselle
414,Mothim,Mothim,Mothim,Moterpel,Papilord
415,Combee,Combee,Combee,Wadribie,Apitrini
416,Vespiquen,Vespiquen,Vespiquen,Honweisel,Apireine
417,Pachirisu,Pachirisu,Pachirisu,Pachirisu,Pachirisu
418,Buizel,Buizel,Buizel,Bamelin,Mustébouée
419,Floatzel,Floatzel,Floatzel,Bojelin,Mustéflott
420,Cherubi,Cherubi,Cherubi,Kikugi,Ceribou
421,Cherrim,Cherrim,Cherrim,Kinoso,Ceriflor
422,Shellos,Shellos,Shellos,Schalellos,Sancoki
423,Gastrodon,Gastrodon,Gastrodon,Gastrodon,Tritosor
424,Ambipom,Ambipom,Ambipom,Ambidiffel,Capidextre
425,Drifloon,Drifloon,Drifloon,Driftlon,Baudrive
426,Drifblim,Drifblim,Drifblim,Drifzepeli,Grodrive
427,Buneary,Buneary,Buneary,Haspiror,Laporeille
428,Lopunny,Lopunny,Lopunny,Schlapor,Lockpin
429,Mismagius,Mismagius,Mismagius,Traunmagil,Magirêve
430,Honchkrow,Honchkrow,Honchkrow,Kramshef,Corboss
431,Glameow,Glameow,Glameow,Charmian,Chaglam
432,Purugly,Purugly,Purugly,Shnurgarst,Chaffreux
433,Chingling,Chingling,Chingling,Klingplim,Korillon
434,Stunky,Stunky,Stunky,Skunkapuh,Moufouette
435,Skuntank,Skuntank,Skuntank,Skuntank,Moufflair
436,Bronzor,Bronzor,Bronzor,Bronzel,Archéomire
437,Bronzong,Bronzong,Bronzong,Bronzong,Archéodong
438,Bonsly,Bonsly,Bonsly,Mobai,Manzaï
439,Mime Jr.,Mime Jr.,Mime Jr.,Pantimimi,Mime Jr.
440,Happiny,Happiny,Happiny,Wonneira,Ptiravi
441,Chatot,Chatot,Chatot,Plaudagei,Pijako
442,Spiritomb,Spiritomb,Spiritomb,Kryppuk,Spiritomb
443,Gible,Gible,Gible,Kaumalat,Griknot
444,Gabite,Gabite,Gabite,Knarksel,Carmache
445,Garchomp,Garchomp,Garchomp,Knakrack,Carchacrok
446,Munchlax,Munchlax,Munchlax,Mampfaxo,Goinfrex
447,Riolu,Riolu,Riolu,Riolu,Riolu
448,Lucario,Lucario,Lucario,Lucario,Lucario
449,Hippopotas,Hippopotas,Hippopotas,Hippopotas,Hippopotas
450,Hippowdon,Hippowdon,Hippowdon,Hippoterus,Hippodocus
451,Skorupi,Skorupi,Skorupi,Pionskora,Rapion
452,Drapion,Drapion,Drapion,Piondragi ,Drascore
453,Croagunk,Croagunk,Croagunk,Glibunkel,Cradopaud
454,Toxicroak,Toxicroak,Toxicroak,Toxiquak,Coatox
455,Carnivine,Carnivine,Carnivine,Venuflibis,Vortente
456,Finneon,Finneon,Finneon,Finneon,Écayon
457,Lumineon,Lumineon,Lumineon,Lumineon,Luminéon
458,Mantyke,Mantyke,Mantyke,Mantirps ,Babimanta
459,Snover,Snover,Snover,Shnebedeck,Blizzi
460,Abomasnow,Abomasnow,Abomasnow,Rexblisar,Blizzaroi
461,Weavile,Weavile,Weavile,Snibunna,Dimoret
462,Magnezone,Magnezone,Magnezone,Magnezone,Magnézone
463,Lickilicky,Lickilicky,Lickilicky,Schlurplek,Coudlangue
464,Rhyperior,Rhyperior,Rhyperior,Rihornior,Rhinastoc
465,Tangrowth,Tangrowth,Tangrowth,Tangoloss,Bouldeneu
466,Electivire,Electivire,Electivire,Elevoltek,Élekable
467,Magmortar,Magmortar,Magmortar,Magbrant,Maganon
468,Togekiss,Togekiss,Togekiss,Togekiss,Togekiss
469,Yanmega,Yanmega,Yanmega,Yanmega,Yanméga
470,Leafeon,Leafeon,Leafeon,Folipurba,Phyllali
471,Glaceon,Glaceon,Glaceon,Glaziola,Givrali
472,Gliscor,Gliscor,Gliscor,Skorgro,Scorvol
473,Mamoswine,Mamoswine,Mamoswine,Mamutel,Mammochon
474,Porygon-Z,Porygon-Z,Porygon-Z,Porygon-Z,Porygon-Z
475,Gallade,Gallade,Gallade,Galagladi,Gallame
476,Probopass,Probopass,Probopass,Voluminas,Tarinorme
477,Dusknoir,Dusknoir,Dusknoir,Zwirrfinst,Noctunoir
478,Froslass,Froslass,Froslass,Frosdedje,Momartik
479,Rotom,Rotom,Rotom,Rotom,Motisma
480,Uxie,Uxie,Uxie,Selfe,Créhelf
481,Mesprit,Mesprit,Mesprit,Vesprit,Créfollet
482,Azelf,Azelf,Azelf,Tobutz,Créfadet
483,Dialga,Dialga,Dialga,Dialga,Dialga
484,Palkia,Palkia,Palkia,Palkia,Palkia
485,Heatran,Heatran,Heatran,Heatran,Heatran
486,Regigigas,Regigigas,Regigigas,Regigigas,Regigigas
487,Giratina,Giratina,Giratina,Giratina,Giratina
488,Cresselia,Cresselia,Cresselia,Cresselia,Cresselia
489,Phione,Phione,Phione,Phione,Phione
490,Manaphy,Manaphy,Manaphy,Manaphy,Manaphy
491,Darkrai,Darkrai,Darkrai,Darkrai,Darkrai
492,Shaymin,Shaymin,Shaymin,Shaymin,Shaymin
493,Arceus,Arceus,Arceus,Arceus,Arceus
494,Victini,Victini,Victini,Victini,Victini
495,Snivy,Snivy,Snivy,Serpifeu,Vipélierre
496,Servine,Servine,Servine,Efoserp,Lianaja
497,Serperior,Serperior,Serperior,Serpiroyal,Majaspic
498,Tepig,Tepig,Tepig,Floink,Gruikui
499,Pignite,Pignite,Pignite,Ferkokel,Grotichon
500,Emboar,Emboar,Emboar,Flambirex,Roitiflam
501,Oshawott,Oshawott,Oshawott,Ottaro,Moustillon
502,Dewott,Dewott,Dewott,Zwottronin,Mateloutre
503,Samurott,Samurott,Samurott,Admurai,Clamiral
504,Patrat,Patrat,Patrat,Nagelotz,Ratentif
505,Watchog,Watchog,Watchog,Kukmarda,Miradar
506,Lillipup,Lillipup,Lillipup,Yorkleff,Ponchiot
507,Herdier,Herdier,Herdier,Terribark,Ponchien
508,Stoutland,Stoutland,Stoutland,Bissbark,Mastouffe
509,Purrloin,Purrloin,Purrloin,Felilou,Chacripan
510,Liepard,Liepard,Liepard,Kleoparda,Léopardus
511,Pansage,Pansage,Pansage,Vegimak,Feuillajou
512,Simisage,Simisage,Simisage,Vegichita,Feuiloutan
513,Pansear,Pansear,Pansear,Grillmak,Flamajou
514,Simisear,Simisear,Simisear,Grillchita,Flamoutan
515,Panpour,Panpour,Panpour,Sodamak,Flotajou
516,Simipour,Simipour,Simipour,Sodachita,Flotoutan
517,Munna,Munna,Munna,Somniam,Munna
518,Musharna,Musharna,Musharna,Somnivora,Mushana
519,Pidove,Pidove,Pidove,Dusselgurr,Poichigeon
520,Tranquill,Tranquill,Tranquill,Navitaub,Colombeau
521,Unfezant,Unfezant,Unfezant,Fasasnob,Déflaisan
522,Blitzle,Blitzle,Blitzle,Elezeba,Zébribon
523,Zebstrika,Zebstrika,Zebstrika,Zebritz,Zéblitz
524,Roggenrola,Roggenrola,Roggenrola,Kiesling,Nodulithe
525,Boldore,Boldore,Boldore,Sedimantur,Géolithe
526,Gigalith,Gigalith,Gigalith,Brockoloss,Gigalithe
527,Woobat,Woobat,Woobat,Fleknoil,Chovsourir
528,Swoobat,Swoobat,Swoobat,Fletiamo,Rhinolove
529,Drilbur,Drilbur,Drilbur,Rotomurf,Rototaupe
530,Excadrill,Excadrill,Excadrill,Stalobor,Minotaupe
531,Audino,Audino,Audino,Ohrdoch,Nanméouïe
532,Timburr,Timburr,Timburr,Praktibalk,Charpenti
533,Gurdurr,Gurdurr,Gurdurr,Strepoli,Ouvrifier
534,Conkeldurr,Conkeldurr,Conkeldurr,Meistagrif,Bétochef
535,Tympole,Tympole,Tympole,Schallquap,Tritonde
536,Palpitoad,Palpitoad,Palpitoad,Mebrana,Batracné
537,Seismitoad,Seismitoad,Seismitoad,Branawarz,Crapustule
538,Throh,Throh,Throh,Jiutesto,Judokrak
539,Sawk,Sawk,Sawk,Karadonis,Karaclée
540,Sewaddle,Sewaddle,Sewaddle,Strawickl,Larveyette
541,Swadloon,Swadloon,Swadloon,Folikon,Couverdure
542,Leavanny,Leavanny,Leavanny,Matrifol,Manternel
543,Venipede,Venipede,Venipede,Toxiped,Venipatte
544,Whirlipede,Whirlipede,Whirlipede,Rollum,Scobolide
545,Scolipede,Scolipede,Scolipede,Cerapendra,Brutapode
546,Cottonee,Cottonee,Cottonee,Waumboll,Doudouvet
547,Whimsicott,Whimsicott,Whimsicott,Elfun,Farfaduvet
548,Petilil,Petilil,Petilil,Lilminip,Chlorobule
549,Lilligant,Lilligant,Lilligant,Dressella,Fragilady
550,Basculin,Basculin,Basculin,Barschuft,Bargantua
551,Sandile,Sandile,Sandile,Ganovil,Mascaïman
552,Krokorok,Krokorok,Krokorok,Rokkaiman,Escroco
553,Krookodile,Krookodile,Krookodile,Rabigator,Crocorible
554,Darumaka,Darumaka,Darumaka,Flampion,Darumarond
555,Darmanitan,Darmanitan,Darmanitan,Flampivian,Darumacho
556,Maractus,Maractus,Maractus,Maracamba,Maracachi
557,Dwebble,Dwebble,Dwebble,Lithomith,Crabicoque
558,Crustle,Crustle,Crustle,Castellith,Crabaraque
559,Scraggy,Scraggy,Scraggy,Zurrokex,Baggiguane
560,Scrafty,Scrafty,Scrafty,Irokex,Baggaïd
561,Sigilyph,Sigilyph,Sigilyph,Symvolara,Cryptéro
562,Yamask,Yamask,Yamask,Makabaja,Tutafeh
563,Cofagrigus,Cofagrigus,Cofagrigus,Echnatoll,Tutankafer
564,Tirtouga,Tirtouga,Tirtouga,Galapaflos,Carapagos
565,Carracosta,Carracosta,Carracosta,Karippas,Mégapagos
566,Archen,Archen,Archen,Flapteryx,Arkéapti
567,Archeops,Archeops,Archeops,Aeropteryx,Aéroptéryx
568,Trubbish,Trubbish,Trubbish,Unratütox,Miamiasme
569,Garbodor,Garbodor,Garbodor,Deponitox,Miasmax
570,Zorua,Zorua,Zorua,Zorua,Zorua
571,Zoroark,Zoroark,Zoroark,Zoroark,Zoroark
572,Minccino,Minccino,Minccino,Picochilla,Chinchidou
573,Cinccino,Cinccino,Cinccino,Chillabell,Pashmilla
574,Gothita,Gothita,Gothita,Mollimorba,Scrutella
575,Gothorita,Gothorita,Gothorita,Hypnomorba,Mesmérella
576,Gothitelle,Gothitelle,Gothitelle,Morbitesse,Sidérella
577,Solosis,Solosis,Solosis,Monozyto,Nucléos
578,Duosion,Duosion,Duosion,Mitodos,Méios
579,Reuniclus,Reuniclus,Reuniclus,Zytomega,Symbios
580,Ducklett,Ducklett,Ducklett,Piccolente,Couaneton
581,Swanna,Swanna,Swanna,Swaroness,Lakmécygne
582,Vanillite,Vanillite,Vanillite,Gelatini,Sorbébé
583,Vanillish,Vanillish,Vanillish,Gelatroppo,Sorboul
584,Vanilluxe,Vanilluxe,Vanilluxe,Gelatwino,Sorbouboul
585,Deerling,Deerling,Deerling,Sesokitz,Vivaldaim
586,Sawsbuck,Sawsbuck,Sawsbuck,Kronjuwild,Haydaim
587,Emolga,Emolga,Emolga,Emolga,Emolga
588,Karrablast,Karrablast,Karrablast,Laukaps,Carabing
589,Escavalier,Escavalier,Escavalier,Cavalanzas,Lançargot
590,Foongus,Foongus,Foongus,Tarnpignon,Trompignon
591,Amoonguss,Amoonguss,Amoonguss,Hutsassa,Gaulet
592,Frillish,Frillish,Frillish,Quabbel,Viskuse
593,Jellicent,Jellicent,Jellicent,Apoquallyp,Moyade
594,Alomomola,Alomomola,Alomomola,Mamolida,Mamanbo
595,Joltik,Joltik,Joltik,Wattzapf,Statitik
596,Galvantula,Galvantula,Galvantula,Voltula,Mygavolt
597,Ferroseed,Ferroseed,Ferroseed,Kastadur,Grindur
598,Ferrothorn,Ferrothorn,Ferrothorn,Tentantel,Noacier
599,Klink,Klink,Klink,Klikk,Tic
600,Klang,Klang,Klang,Kliklak,Clic
601,Klinklang,Klinklang,Klinklang,Klikdiklak,Cliticlic
602,Tynamo,Tynamo,Tynamo,Zapplardin,Anchwatt
603,Eelektrik,Eelektrik,Eelektrik,Zapplalek,Lampéroie
604,Eelektross,Eelektross,Eelektross,Zapplarang,Ohmassacre
605,Elgyem,Elgyem,Elgyem,Pygraulon,Lewsor
606,Beheeyem,Beheeyem,Beheeyem,Megalon,Neitram
607,Litwick,Litwick,Litwick,Lichtel,Funécire
608,Lampent,Lampent,Lampent,Laternecto,Mélancolux
609,Chandelure,Chandelure,Chandelure,Skelabra,Lugulabre
610,Axew,Axew,Axew,Milza,Coupenotte
611,Fraxure,Fraxure,Fraxure,Sharfax,Incisache
612,Haxorus,Haxorus,Haxorus,Maxax,Tranchodon
613,Cubchoo,Cubchoo,Cubchoo,Petznief,Polarhume
614,Beartic,Beartic,Beartic,Siberio,Polagriffe
615,Cryogonal,Cryogonal,Cryogonal,Frigometri,Hexagel
616,Shelmet,Shelmet,Shelmet,Schnuthelm,Escargaume
617,Accelgor,Accelgor,Accelgor,Hydragil,Limaspeed
618,Stunfisk,Stunfisk,Stunfisk,Flunschlik,Limonde
619,Mienfoo,Mienfoo,Mienfoo,Lin-Fu,Kungfouine
620,Mienshao,Mienshao,Mienshao,Wie-Shu,Shaofouine
621,Druddigon,Druddigon,Druddigon,Shardrago,Drakkarmin
622,Golett,Golett,Golett,Golbit,Gringolem
623,Golurk,Golurk,Golurk,Golgantes,Golemastoc
624,Pawniard,Pawniard,Pawniard,Gladiantri,Scalpion
625,Bisharp,Bisharp,Bisharp,Caesurio,Scalproie
626,Bouffalant,Bouffalant,Bouffalant,Bisofank,Frison
627,Rufflet,Rufflet,Rufflet,Geronimatz,Furaiglon
628,Braviary,Braviary,Braviary,Washakwil,Gueriaigle
629,Vullaby,Vullaby,Vullaby,Skallyk,Vostourno
630,Mandibuzz,Mandibuzz,Mandibuzz,Grypheldis,Vaututrice
631,Heatmor,Heatmor,Heatmor,Furnifraß,Aflamanoir
632,Durant,Durant,Durant,Fermicula,Fermite
633,Deino,Deino,Deino,Kapuno,Solochi
634,Zweilous,Zweilous,Zweilous,Duodino,Diamat
635,Hydreigon,Hydreigon,Hydreigon,Trikephalo,Trioxhydre
636,Larvesta,Larvesta,Larvesta,Ignivor,Pyronille
637,Volcarona,Volcarona,Volcarona,Ramoth,Pyrax
638,Cobalion,Cobalion,Cobalion,Kobalium,Cobaltium
639,Terrakion,Terrakion,Terrakion,Terrakium,Terrakium
640,Virizion,Virizion,Virizion,Viridium,Viridium
641,Tornadus,Tornadus,Tornadus,Boreos,Boréas
642,Thundurus,Thundurus,Thundurus,Voltolos,Fulguris
643,Reshiram,Reshiram,Reshiram,Reshiram,Reshiram
644,Zekrom,Zekrom,Zekrom,Zekrom,Zekrom
645,Landorus,Landorus,Landorus,Demeteros,Démétéros
646,Kyurem,Kyurem,Kyurem,Kyurem,Kyurem
647,Keldeo,Keldeo,Keldeo,Keldeo,Keldeo
648,Meloetta,Meloetta,Meloetta,Meloetta,Meloetta
649,Genesect,Genesect,Genesect,Genesect,Genesect
650,Chespin,Chespin,Chespin,Igamaro,Marisson
651,Quilladin,Quilladin,Quilladin,Igastarnish,Boguérisse
652,Chesnaught,Chesnaught,Chesnaught,Brigaron,Blindépique
653,Fennekin,Fennekin,Fennekin,Fynx,Feunnec
654,Braixen,Braixen,Braixen,Rutena,Roussil
655,Delphox,Delphox,Delphox,Fennexis,Goupelin
656,Froakie,Froakie,Froakie,Froxy,Grenousse
657,Frogadier,Frogadier,Frogadier,Amphizel,Croâporal
658,Greninja,Greninja,Greninja,Quajutsu,Amphinobi
659,Bunnelby,Bunnelby,Bunnelby,Scoppel,Sapereau
660,Diggersby,Diggersby,Diggersby,Grebbit,Excavarenne
661,Fletchling,Fletchling,Fletchling,Dartiri,Passerouge
662,Fletchinder,Fletchinder,Fletchinder,Dartignis,Braisillon
663,Talonflame,Talonflame,Talonflame,Fiaro,Flambusard
664,Scatterbug,Scatterbug,Scatterbug,Purmel,Lépidonille
665,Spewpa,Spewpa,Spewpa,Puponcho,Pérégrain
666,Vivillon,Vivillon,Vivillon,Vivillon,Prismillon
667,Litleo,Litleo,Litleo,Leufeo,Hélionceau
668,Pyroar,Pyroar,Pyroar,Pyroleo,Némélios
669,Flabébé,Flabébé,Flabébé,Flabébé,Flabébé
670,Floette,Floette,Floette,Floette,Floette
671,Florges,Florges,Florges,Florges,Florges
672,Skiddo,Skiddo,Skiddo,Mähikel,Cabriolaine
673,Gogoat,Gogoat,Gogoat,Chevrumm,Chevroum
674,Pancham,Pancham,Pancham,Pam-Pam,Pandespiègle
675,Pangoro,Pangoro,Pangoro,Pandagro,Pandarbare
676,Furfrou,Furfrou,Furfrou,Coiffwaff,Couafarel
677,Espurr,Espurr,Espurr,Psiau,Psystigri
678,Meowstic,Meowstic,Meowstic,Psiaugon,Mistigrix
679,Honedge,Honedge,Honedge,Gramokles,Monorpale
680,Doublade,Doublade,Doublade,Duokles,Dimoclès
681,Aegislash,Aegislash,Aegislash,Durengard,Exagide
682,Spritzee,Spritzee,Spritzee,Parfi,Fluvetin
683,Aromatisse,Aromatisse,Aromatisse,Parfinesse,Cocotine
684,Swirlix,Swirlix,Swirlix,Flauschling,Sucroquin
685,Slurpuff,Slurpuff,Slurpuff,Sabbaione,Cupcanaille
686,Inkay,Inkay,Inkay,Iscalar,Sepiatop
687,Malamar,Malamar,Malamar,Calamanero,Sepiatroce
688,Binacle,Binacle,Binacle,Bithora,Opermine
689,Barbaracle,Barbaracle,Barbaracle,Thanathora,Golgopathe
690,Skrelp,Skrelp,Skrelp,Algitt,Venalgue
691,Dragalge,Dragalge,Dragalge,Tandrak,Kravarech
692,Clauncher,Clauncher,Clauncher,Scampisto,Flingouste
693,Clawitzer,Clawitzer,Clawitzer,Wummer,Gamblast
694,Helioptile,Helioptile,Helioptile,Eguana,Galvaran
695,Heliolisk,Heliolisk,Heliolisk,Elezard,Iguolta
696,Tyrunt,Tyrunt,Tyrunt,Balgoras,Ptyranidur
697,Tyrantrum,Tyrantrum,Tyrantrum,Monargoras,Rexillius
698,Amaura,Amaura,Amaura,Amarino,Amagara
699,Aurorus,Aurorus,Aurorus,Amagarga,Dragmara
700,Sylveon,Sylveon,Sylveon,Feelinara,Nymphali
701,Hawlucha,Hawlucha,Hawlucha,Resladero,Brutalibré
702,Dedenne,Dedenne,Dedenne,Dedenne,Dedenne
703,Carbink,Carbink,Carbink,Rocara,Strassie
704,Goomy,Goomy,Goomy,Viscora,Mucuscule
705,Sliggoo,Sliggoo,Sliggoo,Viscargot,Colimucus
706,Goodra,Goodra,Goodra,Viscogon,Muplodocus
707,Klefki,Klefki,Klefki,Clavion,Trousselin
708,Phantump,Phantump,Phantump,Paragoni,Brocélôme
709,Trevenant,Trevenant,Trevenant,Trombork,Desséliande
710,Pumpkaboo,Pumpkaboo,Pumpkaboo,Irrbis,Pitrouille
711,Gourgeist,Gourgeist,Gourgeist,Pumpdjinn,Banshitrouye
712,Bergmite,Bergmite,Bergmite,Arktip,Grelaçon
713,Avalugg,Avalugg,Avalugg,Arktilas,Séracrawl
714,Noibat,Noibat,Noibat,eF-eM,Sonistrelle
715,Noivern,Noivern,Noivern,UHaFnir,Bruyverne
716,Xerneas,Xerneas,Xerneas,Xerneas,Xerneas
717,Yveltal,Yveltal,Yveltal,Yveltal,Yveltal
718,Zygarde,Zygarde,Zygarde,Zygarde,Zygarde
719,Diancie,Diancie,Diancie,Diancie,Diancie
720,Hoopa,Hoopa,Hoopa,Hoopa,Hoopa
721,Volcanion,Volcanion,Volcanion,Volcanion,Volcanion
722,Rowlet,Rowlet,Rowlet,Bauz,Brindibou
723,Dartrix,Dartrix,Dartrix,Arboretoss,Efflèche
724,Decidueye,Decidueye,Decidueye,Silvarro,Archéduc
725,Litten,Litten,Litten,Flamiau,Flamiaou
726,Torracat,Torracat,Torracat,Miezunder,Matoufeu
727,Incineroar,Incineroar,Incineroar,Fuegro,Félinferno
728,Popplio,Popplio,Popplio,Robball,Otaquin
729,Brionne,Brionne,Brionne,Marikeck,Otarlette
730,Primarina,Primarina,Primarina,Primarene,Oratoria
731,Pikipek,Pikipek,Pikipek,Peppeck,Picassaut
732,Trumbeak,Trumbeak,Trumbeak,Trompeck,Piclairon
733,Toucannon,Toucannon,Toucannon,Tukanon,Bazoucan
734,Yungoos,Yungoos,Yungoos,Mangunior,Manglouton
735,Gumshoos,Gumshoos,Gumshoos,Manguspektor,Argouste
736,Grubbin,Grubbin,Grubbin,Mabula,Larvibule
737,Charjabug,Charjabug,Charjabug,Akkup,Chrysapile
738,Vikavolt,Vikavolt,Vikavolt,Donarion,Lucanon
739,Crabrawler,Crabrawler,Crabrawler,Krabbox,Crabagarre
740,Crabominable,Crabominable,Crabominable,Krawell,Crabominable
741,Oricorio,Oricorio,Oricorio,Choreogel,Plumeline
742,Cutiefly,Cutiefly,Cutiefly,Wommel,Bombydou
743,Ribombee,Ribombee,Ribombee,Bandelby,Rubombelle
744,Rockruff,Rockruff,Rockruff,Wuffels,Rocabot
745,Lycanroc,Lycanroc,Lycanroc,Wolwerock,Lougaroc
746,Wishiwashi,Wishiwashi,Wishiwashi,Lusardin,Froussardine
747,Mareanie,Mareanie,Mareanie,Garstella,Vorastérie
748,Toxapex,Toxapex,Toxapex,Aggrostella,Prédastérie
749,Mudbray,Mudbray,Mudbray,Pampuli,Tiboudet
750,Mudsdale,Mudsdale,Mudsdale,Pampross,Bourrinos
751,Dewpider,Dewpider,Dewpider,Araqua,Araqua
752,Araquanid,Araquanid,Araquanid,Aranestro,Tarenbulle
753,Fomantis,Fomantis,Fomantis,Imantis,Mimantis
754,Lurantis,Lurantis,Lurantis,Mantidea,Floramantis
755,Morelull,Morelull,Morelull,Bubungus,Spododo
756,Shiinotic,Shiinotic,Shiinotic,Lamellux,Lampignon
757,Salandit,Salandit,Salandit,Molunk,Tritox
758,Salazzle,Salazzle,Salazzle,Amfira,Malamandre
759,Stufful,Stufful,Stufful,Velursi,Nounourson
760,Bewear,Bewear,Bewear,Kosturso,Chelours
761,Bounsweet,Bounsweet,Bounsweet,Frubberl,Croquine
762,Steenee,Steenee,Steenee,Frubaila,Candine
763,Tsareena,Tsareena,Tsareena,Fruyal,Sucreine
764,Comfey,Comfey,Comfey,Curelei,Guérilande
765,Oranguru,Oranguru,Oranguru,Kommandutan,Gouroutan
766,Passimian,Passimian,Passimian,Quartermak,Quartermac
767,Wimpod,Wimpod,Wimpod,Reißlaus,Sovkipou
768,Golisopod,Golisopod,Golisopod,Tectass,Sarmuraï
769,Sandygast,Sandygast,Sandygast,Sankabuh,Bacabouh
770,Palossand,Palossand,Palossand,Colossand,Trépassable
771,Pyukumuku,Pyukumuku,Pyukumuku,Gufa,Concombaffe
772,Tipo Zero,Type: Null,Código Cero,Typ:Null,Type:0
773,Silvally,Silvally,Silvally,Amigento,Silvallié
774,Minior,Minior,Minior,Meteno,Météno
775,Komala,Komala,Komala,Koalelu,Dodoala
776,Turtonator,Turtonator,Turtonator,Tortunator,Boumata
777,Togedemaru,Togedemaru,Togedemaru,Togedemaru,Togedemaru
778,Mimikyu,Mimikyu,Mimikyu,Mimigma,Mimiqui
779,Bruxish,Bruxish,Bruxish,Knirfish,Denticrisse
780,Drampa,Drampa,Drampa,Sen-Long,Draïeul
781,Dhelmise,Dhelmise,Dhelmise,Moruda,Sinistrail
782,Jangmo-o,Jangmo-o,Jangmo-o,Miniras,Bébécaille
783,Hakamo-o,Hakamo-o,Hakamo-o,Mediras,Écaïd
784,Kommo-o,Kommo-o,Kommo-o,Grandiras,Ékaïser
785,Tapu Koko,Tapu Koko,Tapu Koko,Kapu-Riki,Tokorico
786,Tapu Lele,Tapu Lele,Tapu Lele,Kapu-Fala,Tokopiyon
787,Tapu Bulu,Tapu Bulu,Tapu Bulu,Kapu-Toro,Tokotoro
788,Tapu Fini,Tapu Fini,Tapu Fini,Kapu-Kime,Tokopisco
789,Cosmog,Cosmog,Cosmog,Cosmog,Cosmog
790,Cosmoem,Cosmoem,Cosmoem,Cosmovum,Cosmovum
791,Solgaleo,Solgaleo,Solgaleo,Solgaleo,Solgaleo
792,Lunala,Lunala,Lunala,Lunala,Lunala
793,Nihilego,Nihilego,Nihilego,Anego,Zéroïd
794,Buzzwole,Buzzwole,Buzzwole,Masskito,Mouscoto
795,Pheromosa,Pheromosa,Pheromosa,Schabelle,Cancrelove
796,Xurkitree,Xurkitree,Xurkitree,Voltriant,Câblifère
797,Celesteela,Celesteela,Celesteela,Kaguron,Bamboiselle
798,Kartana,Kartana,Kartana,Katagami,Katagami
799,Guzzlord,Guzzlord,Guzzlord,Schlingking,Engloutyran
800,Necrozma,Necrozma,Necrozma,Necrozma,Necrozma
801,Magearna,Magearna,Magearna,Magearna,Magearna
802,Marshadow,Marshadow,Marshadow,Marshadow,Marshadow
803,Poipole,Poipole,Poipole,Venicro,Vémini
804,Naganadel,Naganadel,Naganadel,Agoyon,Mandrillon
805,Stakataka,Stakataka,Stakataka,Muramura,Ama-Ama
806,Blacephalon,Blacephalon,Blacephalon,Kopplosio,Pierroteknik
807,Zeraora,Zeraora,Zeraora,Zeraora,Zeraora
808,Meltan,Meltan,Meltan,Meltan,Meltan
809,Melmetal,Melmetal,Melmetal,Melmetal,Melmetal
810,Grookey,Grookey,Grookey,Chimpep,Ouistempo
811,Thwackey,Thwackey,Thwackey,Chimstix,Badabouin
812,Rillaboom,Rillaboom,Rillaboom,Gortrom,Gorythmic
813,Scorbunny,Scorbunny,Scorbunny,Hopplo,Flambino
814,Raboot,Raboot,Raboot,Kickerlo,Lapyro
815,Cinderace,Cinderace,Cinderace,Liberlo,Pyrobut
816,Sobble,Sobble,Sobble,Memmeon,Larméléon
817,Drizzile,Drizzile,Drizzile,Phlegleon,Arrozard
818,Inteleon,Inteleon,Inteleon,Intelleon,Lézargus
819,Skwovet,Skwovet,Skwovet,Raffel,Rongourmand
820,Greedent,Greedent,Greedent,Schlaraffel,Rongrigou
821,Rookidee,Rookidee,Rookidee,Meikro,Minisange
822,Corvisquire,Corvisquire,Corvisquire,Kranoviz,Bleuseille
823,Corviknight,Corviknight,Corviknight,Krarmor,Corvaillus
824,Blipbug,Blipbug,Blipbug,Sensect,Larvadar
825,Dottler,Dottler,Dottler,Keradar,Coléodôme
826,Orbeetle,Orbeetle,Orbeetle,Maritellit,Astronelle
827,Nickit,Nickit,Nickit,Kleptifux,Goupilou
828,Thievul,Thievul,Thievul,Gaunux,Roublenard
829,Gossifleur,Gossifleur,Gossifleur,Cottini,Tournicoton
830,Eldegoss,Eldegoss,Eldegoss,Cottomi,Blancoton
831,Wooloo,Wooloo,Wooloo,Wolly,Moumouton
832,Dubwool,Dubwool,Dubwool,Zwollock,Moumouflon
833,Chewtle,Chewtle,Chewtle,Kamehaps,Khélocrok
834,Drednaw,Drednaw,Drednaw,Kamalm,Torgamord
835,Yamper,Yamper,Yamper,Voldi,Voltoutou
836,Boltund,Boltund,Boltund,Bellektro,Fulgudog
837,Rolycoly,Rolycoly,Rolycoly,Klonkett,Charbi
838,Carkol,Carkol,Carkol,Wagong,Wagomine
839,Coalossal,Coalossal,Coalossal,Montecarbo,Monthracite
840,Applin,Applin,Applin,Knapfel,Verpom
841,Flapple,Flapple,Flapple,Drapfel,Pomdrapi
842,Appletun,Appletun,Appletun,Schlapfel,Dratatin
843,Silicobra,Silicobra,Silicobra,Salanga,Dunaja
844,Sandaconda,Sandaconda,Sandaconda,Sanaconda,Dunaconda
845,Cramorant,Cramorant,Cramorant,Urgl,Nigosier
846,Arrokuda,Arrokuda,Arrokuda,Pikuda,Embrochet
847,Barraskewda,Barraskewda,Barraskewda,Barrakiefa,Hastacuda
848,Toxel,Toxel,Toxel,Toxel,Toxizap
849,Toxtricity,Toxtricity,Toxtricity,Riffex,Salarsen
850,Sizzlipede,Sizzlipede,Sizzlipede,Thermopod,Grillepattes
851,Centiskorch,Centiskorch,Centiskorch,Infernopod,Scolocendre
852,Clobbopus,Clobbopus,Clobbopus,Klopptopus,Poulpaf
853,Grapploct,Grapploct,Grapploct,Kaocto,Krakos
854,Sinistea,Sinistea,Sinistea,Fatalitee,Théffroi
855,Polteageist,Polteageist,Polteageist,Mortipot,Polthégeist
856,Hatenna,Hatenna,Hatenna,Brimova,Bibichut
857,Hattrem,Hattrem,Hattrem,Brimano,Chapotus
858,Hatterene,Hatterene,Hatterene,Silembrim,Sorcilence
859,Impidimp,Impidimp,Impidimp,Bähmon,Grimalin
860,Morgrem,Morgrem,Morgrem,Pelzebub,Fourbelin
861,Grimmsnarl,Grimmsnarl,Grimmsnarl,Olangaar,Angoliath
862,Obstagoon,Obstagoon,Obstagoon,Barrikadax,Ixon
863,Perrserker,Perrserker,Perrserker,Mauzinger,Berserkatt
864,Cursola,Cursola,Cursola,Gorgasonn,Corayôme
865,Sirfetch'd,Sirfetch'd,Sirfetch'd,Lauchzelot,Palarticho
866,Mr. Rime,Mr. Rime,Mr. Rime,Pantifrost,M. Glaquette
867,Runerigus,Runerigus,Runerigus,Oghnatoll,Tutétékri
868,Milcery,Milcery,Milcery,Hokumil,Crèmy
869,Alcremie,Alcremie,Alcremie,Pokusan,Charmilly
870,Falinks,Falinks,Falinks,Legios,Hexadron
871,Pincurchin,Pincurchin,Pincurchin,Britzigel,Wattapik
872,Snom,Snom,Snom,Snomnom,Frissonille
873,Frosmoth,Frosmoth,Frosmoth,Mottineva,Beldeneige
874,Stonjourner,Stonjourner,Stonjourner,Humanolith,Dolman
875,Eiscue,Eiscue,Eiscue,Kubuin,Bekaglaçon
876,Indeedee,Indeedee,Indeedee,Servol,Wimessir
877,Morpeko,Morpeko,Morpeko,Morpeko,Morpeko
878,Cufant,Cufant,Cufant,Kupfanti,Charibari
879,Copperajah,Copperajah,Copperajah,Patinaraja,Pachyradjah
880,Dracozolt,Dracozolt,Dracozolt,Lectragon,Galvagon
881,Arctozolt,Arctozolt,Arctozolt,Lecryodon,Galvagla
882,Dracovish,Dracovish,Dracovish,Pescragon,Hydragon
883,Arctovish,Arctovish,Arctovish,Pescryodon,Hydragla
884,Duraludon,Duraludon,Duraludon,Duraludon,Duralugon
885,Dreepy,Dreepy,Dreepy,Grolldra,Fantyrm
886,Drakloak,Drakloak,Drakloak,Phandra,Dispareptil
887,Dragapult,Dragapult,Dragapult,Katapuldra,Lanssorien
888,Zacian,Zacian,Zacian,Zacian,Zacian
889,Zamazenta,Zamazenta,Zamazenta,Zamazenta,Zamazenta
890,Eternatus,Eternatus,Eternatus,Endynalos,Éthernatos
891,Kubfu,Kubfu,Kubfu,Dakuma,Wushours
892,Urshifu,Urshifu,Urshifu,Wulaosu,Shifours
893,Zarude,Zarude,Zarude,Zarude,Zarude
894,Regieleki,Regieleki,Regieleki,Regieleki,Regieleki
895,Regidrago,Regidrago,Regidrago,Regidrago,Regidrago
896,Glastrier,Glastrier,Glastrier,Polaross,Blizzeval
897,Spectrier,Spectrier,Spectrier,Phantoross,Spectreval
898,Calyrex,Calyrex,Calyrex,Coronospa,Sylveroy
899,Wyrdeer,Wyrdeer,Wyrdeer,Damythir,Cerbyllin
900,Kleavor,Kleavor,Kleavor,Axantor,Hachécateur
901,Ursaluna,Ursaluna,Ursaluna,Ursaluna,Ursaking
902,Basculegion,Basculegion,Basculegion,Salmagnis,Paragruel
903,Sneasler,Sneasler,Sneasler,Snieboss,Farfurex
904,Overqwil,Overqwil,Overqwil,Myriador,Qwilpik
905,Enamorus,Enamorus,Enamorus,Cupidos,Amovénus
